Mason-Chris_5_3-Pinwheels_Carriage-House_Baltimore_2-24-10.mp3.mp3,67.93105473,70.93105473
Stein-Gertrude_Laynor-Gregory_425_The-Making-of-Americans.mp3,93.90793626,96.90793626
Davidson-Michael_03_Untitled_Close-Listening_3-6-09.mp3,3.780889656,6.780889656
Tranter-John_Close-Listening_conversation_4-3-08.mp3,1494.350048,1497.350048
People-Like-Us_20-Death-In-June_Lycra-Rally-Remixes.mp3,387.7424312,390.7424312
Armantrout-Rae_05_Stream-Of_Segue-Series_Double-Happiness_11-14-98.mp3,45.15562919,48.15562919
Alexander-Charles_44_NRA-43_Near-or-Random_Acts_Tucson-AZ_8-27-12.mp3,1.570938217,4.570938217
Ceravolo-Joseph_Springs-Migration_37_Chicago-U_05-11-1976.mp3,22.79446329,25.79446329
Ashbery-John_13_Redeemed-Area_KWH-Fellowship_UPenn_03-26-2002.mp3,123.3228212,126.3228212
Corbett-William_05_Buried-at-Springs_Corbett-William_02-03-05.mp3,99.88104836,102.8810484
Bernstein_Charles_Likeness_NYC_1-7-12.mp3,42.59532182,45.59532182
Schuyler-James_13_December_Dia_NYC_11-15-88.mp3,7.457589252,10.45758925
Apio-Alani_04_Every-Morning_Island-Writing_UHM_1998.mp3,11.32892574,14.32892574
14 Ambulatory Windows Complete.mp3,75.82731084,78.82731084
Hoover-Paul_21_reading-Someone-Holds-You-Now_Joe-Milford-Poetry-Show_10-18-08.mp3,35.0357083,38.0357083
Ashbery-John_22_The-Fops-Tale_Visiting-Writers-Series_UMASS-Amherst_9-20-12.mp3,47.11225047,50.11225047
Bromige-David-1980-misc-Side-2.mp3,452.5641766,455.5641766
Lin-Tan_02_Seven-Controlled-Vocabs_Segue_BPC_4-9-11.mp3,262.5235499,265.5235499
11 Raspberry Bernstein 0_24.mp3,2.950834609,5.950834609
Schuyler-James_01_Salute_Reading-at-92nd-Street-Y_11-23-89.mp3,17.69675778,20.69675778
Armantrout-Rae_23_Results_WPS1_NY_5-10-06.mp3,26.86996935,29.86996935
Smith-Rod_34_The-Good-House-4_fear-the-sky_2005.mp3,14.64914856,17.64914856
Collis-Steve_Complete-Recording_Lecture-Q-And-A_Vancouver_09-2010.mp3,178.9277319,181.9277319
Lindsay-Vachel_13_301A_The-Virginians-Are-Coming-Again-part-1_WC-Greet-Recordings_New-York_1931.mp3,17.99424294,20.99424294
Crumpacker-Caroline_04_Belladona-Series_9-13-11.mp3,51.78783377,54.78783377
Smith-Rod_06_The-Spider-Poems-3_fear-the-sky_2005.mp3,133.3252328,136.3252328
Zen-Wang_03_Double-Entendre_Poetic-Brklyn_6-18-05.mp3,157.8365993,160.8365993
Brownstein-Michael_Complete-Recording_Oracle-Night.mp3,1033.061652,1036.061652
Denby-Edwin_03_People-on-Sunday_1983.mp3,50.32265216,53.32265216
Dorn-Ed_Complete-Recording_Walking-the-Dog-Seminar_12-07-78.mp3,1133.722675,1136.722675
15_McMorris-Mark_10-17-03_ICA-UPenn.mp3,28.76907476,31.76907476
Mayer-Bernadette_02_Shawn-Walker-tribute_UPenn_10-1-98.mp3,807.0863661,810.0863661
DuPlessis-Rachel_32_Section-31_Studio-111-Session_10-12-07.mp3,7.189889633,10.18988963
Zukofsky-Louis_05_Non-Ti-Fidar_SFSU_7-58.mp3,27.53028042,30.53028042
Whenever-We-Feel-Like-It_JenMarie-Davis_03-26-11.mp3,445.4386366,448.4386366
DuPlessis-Rachel_28_Section-27_Studio-111-Session_10-12-07.mp3,19.60480577,22.60480577
Berkson-Bill_22_Tango_UPenn_03-15-07.mp3,52.9490038,55.9490038
Duncan-Robert_Reading-and-Discussion-of-his-work.mp3,410.5050981,413.5050981
Kim-Anyssa_16_Mr-Bones_UPenn_11-11-03.mp3,163.0876063,166.0876063
Ashbery-John_05_The-Explaination_WBAI-FM_New-York_6-75.mp3,52.41297584,55.41297584
bpNichol_02_senza-titolo_Torino_April-1987.mp3,66.1205269,69.1205269
Creeley-Robert_25_Circle_NY_10-24-66.mp3,2.328646078,5.328646078
Rich-Adrienne_08_Drivng-Home-Frm-Blasers-Rdng_UB_10-18-00.mp3,75.13266462,78.13266462
Dunaway-Judy_Abstract_commercials_1.mp3,1.92625896,4.92625896
Creeley-Robert_07_Flesh_Goddard_VT_5-18-73.mp3,17.46120365,20.46120365
Berkson-Bill_15_Last-Lines-with-George_UPenn_4-3-2013.mp3,28.993034,31.993034
Warsh-Lewis_14_A-Hunger-Artist_The-Origin-Of-The-World_Deerhead-Records-Ugly-Duckling-Presse_Parkside-Lounge_NYC_3-26-02.mp3,309.7121473,312.7121473
Palmer-Michael_Dance-of-the-Bees_St-Marks-Poetry-Project_NY_3-3-78.mp3,11.95463087,14.95463087
Eirikur_Orn_Nordahl_Varir-Skldsins.mp3,43.00630708,46.00630708
Baraka-Amiri_05_Young-Soul_SFSU_3-4-65.mp3,3.951191467,6.951191467
Coolige-Clark_DuPlessis-Rachel-Blau_Palmer-Michael_Yau-John_Young-Geoffrey_13_Rachel-Blau-DuPlessis-on-being-a-woman-writer_Image-Imaging_Poets-at-Tyler_4-10-85.mp3,257.4914002,260.4914002
Russo-Linda_if-you-experience-sudden-pain_MLA_Philadelphia_12-26-06.mp3,124.1148102,127.1148102
Stein-Gertrude_Laynor-Gregory_813_The-Making-of-Americans.mp3,80.20850494,83.20850494
Raos-Andrea_Lettere-nere_Chicago_9-28-2014.mp3,16.1997725,19.1997725
Harryman-Carla_13_Book-of-Daniel-Sandra-Flinoil_Transparency-Machine-series-talk_UPenn_12-2-99.mp3,0.196780967,3.196780967
Williams-Jonathan_55_Headmaster_Get-Hot-or-Get-Out.mp3,11.17419705,14.17419705
Williams-WC_10_To-Elsie_UCLA_11-15-50.mp3,62.64569814,65.64569814
Ashbery-John_10_Lacrimae-Rerun_Beinecke-Yale-9-20-2006.mp3,6.743377906,9.743377906
Gizzi-Michael_21_A-Near-Myth-Childhood_Hovercraft_No-Both_Brown_10-22-97.mp3,20.31370184,23.31370184
Robertson-Lisa_05_Wednesday_PhillyTalks17_UPenn_10-03-00.mp3,81.34728707,84.34728707
Creeley-Robert_45_Something_Rockdrill-1.mp3,21.7800659,24.7800659
Coover-Robert_5_Circus-Acts-from-Public-Burning_reading_KWH_2-23-09.mp3,159.2400568,162.2400568
Padgett-Ron_23_Feathers_UPenn_2-26-03.mp3,21.28496732,24.28496732
Young-Kevin_13_To-Boudin_KWLS_2008.mp3,100.0130931,103.0130931
Peterson-Tim_06_Sites-of-Likeness_Belladonna-Reading_Dixon-Place_2-13-07.mp3,76.67357889,79.67357889
Skinner-Johnathan_Segue-BPC_NYC_05-23-09 .mp3,1204.020296,1207.020296
Whalen-Philip_Side-Two_By-and-Large_Ubik-Sound.mp3,809.4531314,812.4531314
Raworth-Tom_37_Rockdrill-4_Ace_Ulysses-or-Trotskys_2004.mp3,2.61845633,5.61845633
XCP_219_Zurita_6-6-10.mp3,350.2936429,353.2936429
DuPlessis-Rachel_On-Silliman-The-Alphabet_2009.mp3,193.306397,196.306397
katz-vincent_29_When-I-Was-Paying-Attention_BrownU_9-23-03.mp3,11.71604307,14.71604307
Stein-Gertrude_Laynor-Gregory_222_The-Making-of-Americans.mp3,121.0395574,124.0395574
Wagner-Catherine_08_Birth-of-Wieners_Xavier-Univ_4-15-10.mp3,0.654313178,3.654313178
People-Like-Us_10-Lowest-Common.mp3,35.56004452,38.56004452
Prevallet-Kristin_02_Variation_Segue_NY_1-25-03.mp3,22.58853199,25.58853199
Hillman-Brenda_Pegasus-Books_AVB_05-03-07.mp3,290.1119868,293.1119868
Lindsay-Vachel_60_321B_The-Mysterious-Cat_WC-Greet-Recordings_New-York_1931.mp3,16.58387941,19.58387941
Richetti-John_40_Sonnet-72_Studio-111-Session_UPenn_01-25-11.mp3,17.78482674,20.78482674
Armantrout-Rae_08_Together_KWH-UPenn_10-22-09.mp3,1.789492576,4.789492576
Armantrout-Rae_14_Scripture_Univ-of-Alabama_Tuscaloosa_9-20-12.mp3,14.65373549,17.65373549
Mathews-Harry_KCRW_4-15-99.mp3,1895.55111,1898.55111
Tomlinson-Charles_08_San-Carlo-ai-Catinari_Jubilation_The-Complete-Poems_UK_21-5-1995.mp3,18.31868615,21.31868615
Ratcliffe-Stephen_09_Remarks-on-Color-Sound_Marin-Headlands-Center-for-the-Arts_5-16-10.mp3,481.6431838,484.6431838
Richetti-John_James-Shirley_01_On-Her-Dancing_UPenn_9-23-13.mp3,18.17609073,21.17609073
Levy-Andrew_04_Bitusket_11-05-97_UPenn.mp3,52.07707178,55.07707178
Richetti-John_37_Sonnet-65_Studio-111-Session_UPenn_01-25-11.mp3,26.52754015,29.52754015
Fried-Michael_17_A-Night-at-the-Opera_UPenn_3-2-04.mp3,24.08393227,27.08393227
People-Like-Us_Home-Roam-Play.mp3,212.666231,215.666231
Duncan-Robert_3_Enthralled_Reading_Buffalo_1982.mp3,38.02832024,41.02832024
Armantrout-Rae_44_Word-Problems_KWH-UPenn_04-28-2014.mp3,1.183403761,4.183403761
Baraka-Amiri_03_on-the-trajectory-of-African-American-literary-culture-and-the-relationship-between-politics-and-art_XCP_5-19-07.mp3,143.7932305,146.7932305
Comitta-Tom_18_HIWL_Textsound_Issue-11_February-2011.mp3,333.0506986,336.0506986
Neilson-Melanie_08_Trisex_UPenn_2-10-99.mp3,14.64814271,17.64814271
Bernstein-Charles_13_If-You-Say_Segue-BPC_NYC_03-14-09.mp3,35.57669725,38.57669725
Stein-Gertrude_Laynor-Gregory_705_The-Making-of-Americans.mp3,90.25025447,93.25025447
Tranter-John_07_Transatlantic_UPenn_3-30-05.mp3,4.211479021,7.211479021
Tomlinson-Charles_03_Nine-Variations_Charles-Tomlinson-Reads-His-Poems-on-Music_Gloucestershire-UK_11-11-87.mp3,52.6917045,55.6917045
Ito-Hiromi_I-Am-Anjuhimeko_Masters-of-Modern-Japanese-Poetry_1999.mp3,438.9373244,441.9373244
Bernstein-Charles_09_Gizzi_The-Years-as-Swatches_Zinc-Bar_NY_3-28-10.mp3,53.98146671,56.98146671
XCP_153_Fitterman_11-18-07.mp3,923.9214274,926.9214274
Jarnot-Lisa_02_Reading_KWH-UPenn_4-22-14.mp3,943.4435005,946.4435005
Coleman-Victor_59_Eight-of-Cups_America_1980.mp3,4.862810259,7.862810259
Rothenberg-Jerome_04_on-Seneca-Journal_Buffalo_3-3-93.mp3,127.3400897,130.3400897
Tarn-Nathaniel_4_Section-America-2_I-Think-This-May-Be-Eden_1995.mp3,36.40484974,39.40484974
Bernstein-Charles_01_As-If-the-Trees_NY_12-18-77.mp3,120.382745,123.382745
Creeley-Robert_35_New-Years_Harvard-10-27-66.mp3,71.75446264,74.75446264
Marinovitch-Filip_18_A-Bracelet-for-Nina_Queer-Poetry_BPC-NY_2-10-07.mp3,55.1500901,58.1500901
Williams-Tyrone_07_The-First-Time-I-Struck-a-Woman_POG-series_Stone-Ave-Gallery_Tuscon-AZ_9-23-07.mp3,19.2752526,22.2752526
UB167_Regis-Bonvincino_9-11-02.mp3,1923.014015,1926.014015
Richetti-John_01_Wilmot-John_Earl-of-Rochester_The-Imperfect-Enjoyment_Studio-111_10-15-09.mp3,130.2274385,133.2274385
Armantrout-Rae_18_Greeting_Segue-Series_Double-Happiness_11-14-98.mp3,18.06862676,21.06862676
Creeley-Robert_13_dilemmas-of-the-anthology-presentation-rhythmic-shifts-metric-variations-and-her-use-of-the-dash_Lecture-On-Emily-Dickinson_New-College_9-20-85.mp3,37.65746711,40.65746711
Ratcliffe-Stephen_38_Circle_UC-Berkeley_1977.mp3,3.394221891,6.394221891
Coolidge-Clark_23_Wagon-Boys_UB_4-26-00.mp3,30.81202004,33.81202004
Stein-Gertrude_Laynor-Gregory_258_The-Making-of-Americans.mp3,24.84819426,27.84819426
Blackburn-Paul_09_We-Definitions_Creeley-Tape-71_1971.mp3,11.90551763,14.90551763
Williams-Tyrone_07_Strummer-and-Spike_Chapter-and-Verse_PHL_4-28-12.mp3,20.75049471,23.75049471
09_Alan-Bowman_Kitchen-II.mp3,144.2454289,147.2454289
Barwin-Gary_15_Heinrich-Maneuvers_KWH-UPenn_11-17-10.mp3,80.20344863,83.20344863
Willis-Elizabeth_02_Second-Law-V_SUNY-Buffalo_11-9-94.mp3,19.91699547,22.91699547
Mayer-Bernadette_13_Complete-Introductory-Lectures-On-Poetry_Ear-Inn_10-15-88.mp3,100.5726525,103.5726525
Silliman-Ron_01_Intro_Desert-City-reading_Chapel-Hill_03-02-06.mp3,189.3352004,192.3352004
Lai-Larissa_Complete-Reading_Augsburg_12-11-10.mp3,138.5609699,141.5609699
Lease-Joseph_Intro_LHRS_Boulder_10-21-99.mp3,103.2860727,106.2860727
Carey-G-S_Complete-Recording_St-Marks-Poetry-Project_NY.mp3,8.063248408,11.06324841
Di-Xue_16_Angel_Burning-Deck-40th-Anniversary_Volume-III_Providence_05-2001.mp3,23.87127872,26.87127872
People-Like-Us-Over-The-Edge_03-Steel-Pole.mp3,25.77821667,28.77821667
Duplessis-Rachel-Blau_03_Wanderer_KWH-UPenn_02-05-08.mp3,481.6476726,484.6476726
Tomlinson-Charles_16_The-Way-In_Charles-Tomlinson-Reads-His-Poems-on-Music_Keele-University_UK_9-18-85.mp3,148.4232315,151.4232315
Foster-Scappettone_QA_Emergency_KWH-UPenn_01-21-10.mp3,1113.096801,1116.096801
Davis-Lydia_05_What-She-Knew_EI_NY_11-10-84.mp3,3.145434744,6.145434744
Farrell-Dan_Complete-Recording_Ear-Inn_NYC_10-7-95.mp3,386.3780741,389.3780741
MLA-Offsite-2011_47_readers_ArtShare_LA_1-8-11.mp3,8.102144841,11.10214484
Creeley-Robert_07_Wait-for-Me_Tucson-12-04-1963.mp3,98.60346567,101.6034657
Bernstein-Charles_Complete-Reading_Tucson-Festival-Of-Books_U-AZ_3-13-10.mp3,573.7704476,576.7704476
Gordon-Nada_1_introduction_Segue_NY_3-4-06.mp3,48.02826356,51.02826356
O-Hara-Frank_01_I-was-walking_Buffalo_9-25-64.mp3,14.20954887,17.20954887
Ashbery-John_05_reading-Rivers-and-Mountains_Interview-Bruce-Kawin_WKCR_5-5-66.mp3,123.098599,126.098599
Cole-Peter_07_A-Plea_KWH-Reading_UPenn_10-08-07.mp3,74.81800516,77.81800516
Lee-Sueyeun-Juliette_05_Daniel-Daykim_UPenn_1-16-07.mp3,29.61522655,32.61522655
Berkson-Bill_12_Fairfield-Porter-and-Alex-Katz_Interview-W-Carlos-Villa_KUSF_9-4-04.mp3,466.2704161,469.2704161
Buffalo-Poets_03_Sylvester_Emergency-Series_KWH_3-2-09.mp3,499.0335488,502.0335488
Creeley-Robert_11_Wait-for-Me_Vancouver_8-12-63.mp3,7.634989878,10.63498988
Lewis-Joel_Complete-Reading_Ear-Inn_NYC_4-10-93.mp3,1231.821072,1234.821072
Ostashevsky-Eugene_09_Last-DJ_St-Marks-Church_2-9-04.mp3,25.93697433,28.93697433
Berkson-Bill_18_Missing_TBB_2-17-83.mp3,96.37987651,99.37987651
XCP_205_Felstiner_12-17-09.mp3,815.0789286,818.0789286
02 Anderson-Kiki_01_Full-Reading_Woodland-Pattern-Book-Center_11-19-2005.mp3.mp3,36.28617504,39.28617504
Fitterman-Rob_07_Welcome-to-My_Line-Reading_05-14-02.mp3,32.28208901,35.28208901
Bonvicino-Regis_Complete-Reading_Close-Listening_10-13-09.mp3,596.2912584,599.2912584
05 Land Sought Found Claimed - Epigraph.mp3,16.40905016,19.40905016
Kaier-Anne_05_Queering-Language_Philly_2007.mp3,163.0807598,166.0807598
PUH_01_Intro_Segue-Series_BPC_10-13-07.mp3,19.64603981,22.64603981
Ostashevsky-Eugene_04_The-Martyr_BPC_7-26-05.mp3,27.0973795,30.0973795
de-Campos-Haroldo_Calcas-co-de-abobora_Rattapallax_2003.mp3,67.1601162,70.1601162
Ashbery-John_Complete-Recording_WBAI-Broadcast_Kush_1974.mp3,505.8797676,508.8797676
Bonvicino-Regis_17_Nao-Nada_Segue_NY_6-10-98.mp3,13.37534248,16.37534248
Seaton-Peter_Part-Two_Interview-W-Henry-Hills_3-17-85.mp3,1260.36796,1263.36796
Zawacki-Andrew_reading_POG_3-7-2010.mp3,303.8818119,306.8818119
Creeley-Robert-Duncan-Ginsberg-Olson_July-31-Discussion-Part-2_Vancouver_1963.mp3,2947.143188,2950.143188
Cruz-Victor_Here-Comes-La-Lupe_UPenn_4-6-99.mp3,86.38033336,89.38033336
Robertson-Lisa_05_After-Trees_A-Voice-Box_Pegasus-Books_11-06-07.mp3,463.0534432,466.0534432
Nielsen-AL_05_Small Song_CAAPP_6-8-13.mp3,19.06674308,22.06674308
Dlugos-Tim_Ceravolo-Joseph_Complete-Reading_Segue-Series_Ear-Inn_10-21-78.mp3,433.5628146,436.5628146
Jordan-June_03_Poem-for-a-Young-Poet_UPenn_4-23-01.mp3,102.8858143,105.8858143
Armantrout-Rae_06_Her-References_UPenn_11-12-98.mp3,38.22606905,41.22606905
Heller-Michael_Complete-Reading_Woodland-Pattern-Book-Center_11-11-07.mp3,2287.163671,2290.163671
Irby-Kenneth_02_Kens-Opening-Remarks_University-of-Kansas_11-5-11.mp3,115.971794,118.971794
Papadopoulos-Stephanos_The-Stars-This-Summer_Rattapallax_2000.mp3,42.97008673,45.97008673
Silliman-Ron_04_2197_CWS_Mills-College_10-2-07.mp3,598.3088824,601.3088824
Robinson-Kit_02_Complete-Reading_464-Amsterdam-Avenue_7-7-82.mp3,247.9177086,250.9177086
Kim-Myung-Mi_02_Comments-1_Under-Flag_3-3-07.mp3,152.6482446,155.6482446
Cuff-Lindsay_04_Swimming-Lesson_Textsound_Issue-6_Dec-2009.mp3,1.191469846,4.191469846
katz-vincent_16_The-Dive_gloucester-writers-center_4-9-11.mp3,132.2414509,135.2414509
Lepson-Ruth_Complete-Recording_Segue-BPC_NYC_4-19-08.mp3,604.6068515,607.6068515
Harryman-Carla_Down-City-Poetry-Series_RI_4-13-05.mp3,1334.682798,1337.682798
Bernstein-Charles_13_Lets-Just-Say_CUE_01-16-07.mp3,176.4192059,179.4192059
Levi-Strauss-David_Complete-Recording_KNBR_6-19-Year-Unknown.mp3,98.4632325,101.4632325
Creeley-Robert_38_Smoke_The-Door-1975.mp3,24.44803571,27.44803571
Rothenberg-Jerome_15_For-the-God-of-Europe_KWH_4-28-08.mp3,140.5956699,143.5956699
Davidson-Michael_15_Translation_Close-Listening_3-6-09.mp3,21.09133465,24.09133465
Coolidge-Clark_06_Trustworthy-Locator_UB_4-26-00.mp3,43.80217571,46.80217571
18 Lebanon Complete.mp3,120.1573909,123.1573909
Ashbery-John_3_Oleum-Misericordia_Science-Center_Harvard_12-9-78.mp3,84.29168717,87.29168717
Stein-Gertrude_Laynor-Gregory_332_The-Making-of-Americans.mp3,126.4055806,129.4055806
Tejada-Roberto_New-Coast_4-1-93.mp3,486.3638795,489.3638795
Tomlinson-Charles_38_Knowledge_Jubilation_The-Complete-Poems_UK_21-5-1995.mp3,14.4881732,17.4881732
Howe-Susan_10_Sewall-on-Mabel-Loomis-Todd-and-Austin-Dickinson_My-Emily_NYT_2-29-84.mp3,147.9495875,150.9495875
Ceravolo-Joseph_Surf_09_Chicago-U_05-11-1976.mp3,2.7983407,5.7983407
Neilson-Melanie_Complete-Reading_Ear-Inn_NYC_4-1-95.mp3,604.9676194,607.9676194
The-Nova-Convention_08_Frank-Zappa_The-Talking-Asshole_GPS_1978.mp3,277.6415986,280.6415986
OSullivan-Maggie_11_Headlights_States-of-Emergency_Rockdrill-11_05.mp3,364.5971472,367.5971472
Child-Abigail_Close-Listening-Reading_5-30-07_WPS1-NY.mp3,1529.383712,1532.383712
Neilson-Melanie_20_The-Mysteries-of-Phoenix_UPenn_2-10-99.mp3,11.48836149,14.48836149
Loney-Alan_14_The-heart-is-everywhere_UPenn_11-18-03.mp3,33.03344685,36.03344685
Creeley-Robert-Darras-Jacque_01_Ballade-pour-Robert-Creeley-pt1_c-1993.mp3,1054.973727,1057.973727
Duncan-Robert_20_And-a-Wisdom-as-Such_WPR-Harvard_1977.mp3,52.56894854,55.56894854
People-Like-Us-Over-The-Edge_05-OTE10Oct02.mp3,197.6777482,200.6777482
Robinson-Kit_09_Wall_Buffalo_11-10-99.mp3,13.07473448,16.07473448
02 Mullen-Harryette-Ewart-Douglas_02_Opens-Voice-Then-Flute_Woodland-Pattern-Book-Center_03-15-1998.mp3.mp3,361.1223977,364.1223977
Ashbery-John_16_By-Guess-By-Gosh_New-York-Review-of-Books-Podcast_2-21-09.mp3,19.36448668,22.36448668
Grenier-Robert_complete-recording_four-plus_Buffalo-2-6-03.mp3,3492.801209,3495.801209
OSullivan-Maggie_18_Riverrunning_Buffalo_10-27-93.mp3,688.806873,691.806873
Berrigan-Ted_35_Mutiny_Bard-College-12-15-1982.mp3,97.64091074,100.6409107
Disconnected_38_Clark-Coolidge_Dews_GPS_1969.mp3,43.92379252,46.92379252
Harb-Marcella_Phipps-Wanda_Complete-Reading_Ear-Inn_NYC_5-15-93.mp3,537.2235559,540.2235559
085 Griffin-Whit_02.mp3,18.98207361,21.98207361
Yan-Rong_08_Lets-Compete-in-Our-Pride_CAAPP_6-8-13.mp3,63.06345876,66.06345876
Hollo-Anselm_07_From-the-Helliad_Naropa_Boulder_1991.mp3,11.80712106,14.80712106
Brownstein-Michael_02_In-A-Foreign-Land-Love-Hurts_Segue-Ear-Inn_NYC_2-17-79.mp3,332.7457745,335.7457745
Bervin-Jen_Complete-Recording_Contemporary-Writers-Series_Mills-College_9-28-10.mp3,2406.193802,2409.193802
Shaw-Lytle_Line-Reading-Series_4-18-00.mp3,264.6807592,267.6807592
Bernstein-Charles_13_Wont-You-Give-Up_Harvard_10-05-09.mp3,59.5341088,62.5341088
Fraser-Kathleen_05_Intro-to-Something-Even-Human-Voices_UPenn_10-6-99.mp3,173.551451,176.551451
XCP_200_Ransom_11-12-09.mp3,531.9393343,534.9393343
Downing-Brendan_03_GWB_Poetic-Brklyn_10-25-04.mp3,57.11778593,60.11778593
Williams-WC_04_The-Sea-Elephant_sick-of-april-Excerpt_Princeton_1952.mp3,0.145929261,3.145929261
Mason-Chris-Jickling-Mark_09_Hipponax-Blood-Bile_Hipponax_2004.mp3,1.856440768,4.856440768
06-The_Tape-beatles-A_subtle_buoyancy_of_pulse-1988.mp3,13.2989019,16.2989019
Gregory_Whitehead-On_One_Lost_Hair_2003.mp3,114.0722531,117.0722531
Bernstein-Charles_Norman-Fischer_SF-Jewish-CC_5-11-10.mp3,2094.666246,2097.666246
Mandel-Tom_03_Spinoza-Philosophy-and-Poetry_6-24-79.mp3,222.1828494,225.1828494
Sakaki-Nanao_Complete_Reading_Chax-Press-Special-Events_Tuscon-AZ_4-1-07.mp3,232.4746506,235.4746506
Savige-Jaya_Dransfield-in-Bavaria_Christ-College_Cambridge-UK_2-19-13.mp3,47.83493537,50.83493537
LA-Lit-Clouds-Day-2-Rdng-1_04_Ara-Shirinyan_Eagle-Rock_11-22-08.mp3,361.5882682,364.5882682
Warsh-Lewis_09_False-Start_The-Origin-Of-The-World_Deerhead-Records-Ugly-Duckling-Presse_Parkside-Lounge_NYC_3-26-02.mp3,209.5851953,212.5851953
Irby-Kenneth_11_Visitations-Homage-to-Emerson_University-of-Kansas_11-5-11.mp3,33.87607383,36.87607383
DuPlessis-Rachel-Blau_09_Draft-2-She_Woodland-Pattern_3-27-88.mp3,87.89848427,90.89848427
Armantrout-Rae_04_Operations_KWH-UPenn_10-22-09.mp3,29.56993107,32.56993107
People-Like-Us-+-Ergo-Phizmiz_Enoch_The_Drummer_Quay_Arts_June_2006.mp3,102.985787,105.985787
Schwartz-Leonard_2_Exiles-Ends_English-Dept_UHM_2000.mp3,389.960778,392.960778
Hejinian-Lyn_SUNY-Buffalo-Oct23-1991.mp3,2023.266072,2026.266072
Berrigan-Ted_05_Things-To-Do-In-Bolinas_San-Francisco_08-71.mp3,62.50341584,65.50341584
Edmondez-Gwilly_Track-18_Abstract-Exhibitionism-Vol-Two_2002.mp3,72.12934845,75.12934845
Ammer-Einheit-1993-22-Canto-Xxii.mp3,130.6806398,133.6806398
Bonvincino_Regis_Buffalo_salvaged_9-11-02.mp3,1207.403713,1210.403713
Towle-Tony_Social-Poem_St-Marks-Poetry-Project_NY.mp3,131.2611017,134.2611017
Sacksteder-Joe_02_The-Power-of-Suggestion_Textsound_Issue-13_July-2012.mp3,21.74773101,24.74773101
Armantrout-Rae_4-11-13_CSUBakersfield.mp3,1082.386288,1085.386288
Nelson-Maggie_08_An-Inheritance_LA-Lit-21_3-11-07.mp3,288.5334517,291.5334517
Joron-Comments.mp3,57.12680261,60.12680261
Browne-Laynie_11_Page-23_Rebecca-Letters_2-7-07.mp3,1.73146388,4.73146388
XCP_120_Robinson_11-26-06.mp3,1103.584995,1106.584995
Ashbery-John_04_Young-Girl_The-Songs-We-Know-Best_1988.mp3,32.8966125,35.8966125
Hofer-Jen_01_Introduction_Segue-Here_NYC_2-7-98.mp3,92.43947692,95.43947692
Sala-Jerome_Complete-Reading_Segue-HERE_1998.mp3,937.738521,940.738521
Berrigan-Ted_16_Without-Scruple_Bard-College-12-15-1982.mp3,94.04636141,97.04636141
Thing-Of-Beauty_07_Charles-Bernstein_CUE-Arts_1-18-08.mp3,447.7992796,450.7992796
Big-Ego_23_Robert-Ashley_Interiors-With-Flash_GPS_1978.mp3,161.6013344,164.6013344
Poems-for-the-New-Milennium_02_Gamer_KWH-UPenn_10-7-2009.mp3.mp3,95.80746363,98.80746363
North-Charles_02_A-Few-Facts_Sienese-Shredder-2_2008.mp3,64.42279643,67.42279643
Levi-Strauss-David_Complete-Recording_The-Poetics-of-Instruction_Location-Unknown_3-10-89.mp3,328.2067378,331.2067378
Phipps-Wanda_16_Fnal-Discussion_Poetic-Brklyn_5-1-04.mp3,61.18520729,64.18520729
Richetti-John_10_Swift_Verses-on-the-Death-of-Dr-Swift_03-14-05_UPenn.mp3,843.8467256,846.8467256
47_Oppen_George_47_The-Translucent-Mechanics_Oppen-Centennial-Reading_4-8-08.mp3,38.65282367,41.65282367
People-Like-Us_The-National-Humm.mp3,0.502760054,3.502760054
HD_34_Eidolon-2-6_from-Helen-in-Egypt_1955.mp3,16.90207988,19.90207988
Palmer-Michael_Part-2_Autobiography-Memory-and-Mechanisms-of-Concealment-Part-1_New-Langton-Arts_Date-Unknown.mp3,840.2862387,843.2862387
Belladonna_Segue_Zinc_10-19-13.mp3,5641.188406,5644.188406
Bernstein-Charles_05_Thinkng-I-Think_NSU_12-1-99.mp3,43.08306041,46.08306041
Maxwell-Kristi_07_Log-of-Dead-Birds_Satellite-Studios-Session_Cincinnati_8-3-10.mp3,59.8848564,62.8848564
Swensen-Cole_LHRS_Boulder_3-11-99.mp3,760.9144872,763.9144872
Irby-Ken_Complete-Recording_Tufts_04-2-81.mp3,331.0533784,334.0533784
Glass-Jesse_04_The-Race-Track_Shin-Urayasu_8-17-07.mp3,112.0190083,115.0190083
Berrigan-Ted_51_Sonnet-60_The-Sonnets_New-Langton_1981.mp3,15.65511026,18.65511026
Clark-Tom-and-Kyger-Joanne_Bolinas-Address-and-SMACK_06-24-72.mp3,2580.201269,2583.201269
Warren-Alli_Complete-Reading_Segue-BPC_NYC_4-16-11.mp3,586.2597846,589.2597846
Creeley-Robert_53_Cat-Bird-Singing_SFSU_5-20-56.mp3,36.38666261,39.38666261
Mac-Low-Jackson_04_HSCH-2_Segue_NY_05-08-04.mp3,410.007628,413.007628
Mutic-Anja_Transit_Poetic-Brklyn_1-25-04.mp3,48.56159645,51.56159645
Mathews-Harry_06_The-Truthful-Liar_friends_of_library_2-26-97.mp3,16.53629389,19.53629389
Brown-Lee-Ann_Segue_NY_5-26-01.mp3,938.5945473,941.5945473
Goldstein-Laura_05_Locusts_Textsound_Issue-2_Fall-2008.mp3,175.2905715,178.2905715
Stein-Gertrude_Laynor-Gregory_329_The-Making-of-Americans.mp3,140.5753683,143.5753683
Thomas-Lorenzo_05_Anuresis_Ear-Inn-NY_11-13-78.mp3,201.0033711,204.0033711
Various_06_Alan-Golding_Alan-Goldings-House_Louisville-KY_2-20-10.mp3,10.92227734,13.92227734
Lindsay-Vachel_20_305A_The-Congo-1_WC-Greet-Recordings_New-York_1931.mp3,114.5461924,117.5461924
Lundy-Dawn-Martin_02_Segue-Series_NYC_4-15-06.mp3,266.5726391,269.5726391
Olin-Jeni_07_Ho-Chi-Min_Poetic-Brklyn_10-11-04.mp3,69.74369077,72.74369077
Creeley-Robert_58_For-The-New-Year_SFSU_5-20-56.mp3,35.47636685,38.47636685
Beavers-Herman_18_Vernell-Comtemplates-the-Meaning-of-Existance_UPenn_9-14-00.mp3,39.68462327,42.68462327
Kunin-Aaron_10_Five-Security-Zones_Segue_NY_1-24-04.mp3,274.7840986,277.7840986
Guest-Barbara_01_Introduction_St-Marks_New-York_3-23-1986.mp3,68.1560754,71.1560754
Edmondez_Gwilly_Track-6_Abstract-Exhibitionism-Volume-One_2001.mp3,228.0181258,231.0181258
Andrews-Bruce_02_Live-Choreography_UBuffalo_11-28-01.mp3,201.0573399,204.0573399
Mottram-Eric_10_From-Season-Of-Monsters_UB_09-23-1992.mp3,222.0323984,225.0323984
XCP_15_Waldman_02_Discussing-In-The-Room_1-26-04.mp3,141.9372372,144.9372372
Inman-P_06_lacey_UPenn_3-23-05.mp3,20.96235657,23.96235657
People-Like-Us-+-Ergo-Phizmiz_Gunshot_01-dubplate.mp3,4.869438507,7.869438507
Bernstein-Charles_on-Reznikoff_7-29-12.mp3,376.2568202,379.2568202
Ginsberg-Allen_07_Howl-III_SFSU_10-25-56.mp3,64.69288632,67.69288632
Stein-Gertrude_Laynor-Gregory_858_The-Making-of-Americans.mp3,96.00738375,99.00738375
Berrigan-Ted_42_Sonnet-51_The-Sonnets_New-Langton_1981.mp3,21.6096193,24.6096193
DEL!!!Bernstein_Charles_Likeness_NYC_1-7-12.mp3,75.3786848,78.3786848
Barrett-Ed_05_Toward-Blue-Peninsula_KWH_poetry-reading_03-30-06.mp3,8.538942662,11.53894266
Monroe-Jonathan_02_Introduction-and-reading-by-Kirsten-Thorpe_KWH_UPenn_10-05-99.mp3,130.2768404,133.2768404
Nielsen-AL_08_Yellow-VIII_Saint-Marks-Poetry-Project_New-York_3-18-13.mp3,68.24842475,71.24842475
Ammer-Console-04-The-Babalulla-Bootleg.mp3,7.26989848,10.26989848
People-Like-Us-+-Ergo-Phizmiz_Fat-Henrys-Mambo-02-dubplate.mp3,154.2343078,157.2343078
Sommer-Piotr_16_Indiscretions_Continued_NHC_2005.mp3,23.68382022,26.68382022
Berrigan-Anselm_06_7-4-2000_Pictures-for-Private-Devotion_2003.mp3,8.51223567,11.51223567
Rosten-Norman_On-Reading-Catullus_the-poems-of-norman-rosten_1963.mp3,14.77733387,17.77733387
Coolidge-Clark_04_Clift-Tore-It_Ear-Inn-NY_3-31-79.mp3,91.15982479,94.15982479
Myles-Eileen_06_Odalisque_Segue-Series_Ear-Inn_1-17-98.mp3,130.5719992,133.5719992
Ott-Gil_06_Kedardo_UPenn_10-27-01.mp3,514.8359554,517.8359554
Fried-Michael_19_The-Hilltop_UPenn_3-2-04.mp3,42.13104147,45.13104147
07_Ristretto_ICA-Boston_2006.mp3,173.5591538,176.5591538
Spahr-Juliana_08_2-Views-of-Islnds_Buffalo_11-14-01.mp3,249.7311748,252.7311748
Richetti-John_46_Langston-Hughes-The-Negro-Speaks-of-Rivers_100-Poems_2014.mp3,3.366020355,6.366020355
Wagner-Catherine_01_introduction_XCP-102_2-26-06.mp3,12.78251076,15.78251076
Neilson-Melanie_13_Untitled_UPenn_2-10-99.mp3,2.118828587,5.118828587
Kimmelman-Burt_14_Hameau-de-lEglise_2007.mp3,32.27787263,35.27787263
Boone-Bruce_Complete-Reading_Segue-Series-BPC-NY_01-23-10.mp3,187.5028476,190.5028476
Sarton-May_Howe-Pacifica_1977-78.mp3,2351.631144,2354.631144
Robinson-Kit_05_Term_Buffalo_11-10-99.mp3,144.6603789,147.6603789
Williams-WC_28_Comm-12_UCLA_May-1955.mp3,11.8889707,14.8889707
Benson-Steve_Complete-Reading_Segue_Ear-Inn_2-16-93.mp3,292.4917613,295.4917613
Cole-Peter_23_Two-by-Fours-for-Also-Rans_Studio-111_UPenn_1-23-12.mp3,33.91232308,36.91232308
Scalapino-Leslie_05_From-Green-And-Black_UBuffalo_10-23-96.mp3,246.1110094,249.1110094
XCP_07_Creeley_11-24-03.mp3,560.3717322,563.3717322
Lowenfels-Walter_01_The-Suicide_Library-Congress_Date-unknown.mp3,626.3332674,629.3332674
Conner-Kyle_02_Philly-Sound_Sherlock_8-9-03.mp3,109.9093147,112.9093147
Myles-Eileen_02_A-Poem_Close-Listening_3-24-09.mp3,99.97890411,102.9789041
Towle-Tony_13_Social-Poem_Blue-Mountain-Gallery_NYC_2-8-86.mp3,104.3278652,107.3278652
Gregory-Jane_and_Anderson-Stephanie_05_Jane-Gregory_Whenever-We-Feel-Like-It_KWH-UPenn_11-5-13.mp3,54.72701523,57.72701523
Armantrout-Rae_26_Theories_UPenn_11-12-98.mp3,4.380455127,7.380455127
bpNichol_11_Beast_bpNichol_1971.mp3,158.3238793,161.3238793
Meander-Jantar_13_Thintroppoinmealways.mp3,227.9288334,230.9288334
Browne-Laynie_18_Departure_St-Andrews-Church-Tuscon-AZ_12-06-08.mp3,10.23836498,13.23836498
Stein-Gertrude_Laynor-Gregory_178_The-Making-of-Americans.mp3,25.92931817,28.92931817
Skidan-Alexander_01_Pirsing-nizhnei-guby.mp3,293.2107145,296.2107145
Trinidad-David_Wedding-Night_miPOradio.mp3,21.23384073,24.23384073
XCP_256_1-Motika_2012.mp3,1280.9708,1283.9708
Heliczer-Piero_06_america_You-coul(d)-hear_London_1960.mp3,32.4167197,35.4167197
Ginsberg-Allen_06-The-Little-Fish-Devours-the-Big-Fish.mp3,236.918623,239.918623
XCP_76_OLeary_2005.mp3,34.09124531,37.09124531
Giles-Samantha_17_from-Origin_Textsound-Issue-18_Some-Poets-of-the-Bay-Area.mp3,19.83608151,22.83608151
Piombino-Nick_03_Annexing-Glass_Segue-Series_Ear-Inn_1-27-79.mp3,69.35436897,72.35436897
Hejinian-Lyn_11_Truncated-Words_UPenn_02-22-05.mp3,154.7913842,157.7913842
Gladman-Renee_Complete-Reading_New-Writing-Series_UCSD_2-15-12.mp3,2182.495976,2185.495976
Armantrout-Rae_26_Universe_1-16-83.mp3,6.323354,9.323354
XCP_23_Pang_Min_Hoong_1-19-04.mp3,2497.78404,2500.78404
Philly-Sound_Conrad_9x9_8-9-03.mp3,3391.11186,3394.11186
Andrews-Bruce_6_Sun-5-Lip-Service_Ear-Inn_New-York_1-13-90.mp3,241.4919167,244.4919167
Kuenstler-Frank_30_Poem-Mother-Gobbligook_Carols-and-Similes_NY_4-73_Carols-and-Similes_NY_4-73.mp3,14.47971469,17.47971469
Oppen-George_23_A-Narrative_New-Collected-Poems-New-Directions_NY_4-9-64.mp3,3.537454743,6.537454743
Stein-Gertrude_Laynor-Gregory_412_The-Making-of-Americans.mp3,132.3300054,135.3300054
Creeley-Robert_11_Faces_Goddard_VT_5-18-73.mp3,33.80745166,36.80745166
Hall-Donald_18_witnesses-house_UPenn_04-16-07.mp3,162.7015079,165.7015079
Stein-Gertrude_Laynor-Gregory_260_The-Making-of-Americans.mp3,135.4937568,138.4937568
Beavers-Herman_22_We-was-watching-Star-Trek_UPenn_9-14-00.mp3,10.86765892,13.86765892
Matvei-Yankelevich_Close_Listening_01_fm-Alpha-Donut_6-8-12.mp3,409.4873578,412.4873578
Bernstein-Charles_08_A-Theorys-Evolution_NYC_06-06-07.mp3,50.18550739,53.18550739
Armantrout-Rae_Tease_15_UPenn_11-18-04.mp3,7.965337324,10.96533732
Ratcliffe-Stephen_05_discussion-of-context-structure-of-this-poem_Conversation-with-Grenier_Bolinas_4-23-11.mp3,156.6922669,159.6922669
Gottlieb-Michael_06_Strum-Drone-and-Build_UPenn_10-21-04.mp3,18.27581216,21.27581216
Various_Complete-Reading_Flux-Poetics_Belladonna_NYC_4-19-11.mp3,1066.431242,1069.431242
Lin-Tan_Full-Reading_WPS1_NY_5-23-05.mp3,1440.549364,1443.549364
Kramer-Aaron_18_The-Teardrop-Millionaire_Serenade-Poets-of-New-York_Folkways-Records_1959.mp3,0.950184822,3.950184822
Lindsay-Vachel_33_310B_The-Congo-part-III_WC-Greet-Recordings_New-York_1931.mp3,79.92690697,82.92690697
Ransom-Jane_06_My-Idle-Ideal-Essence_Segue-DH_NYC_2-24-01.mp3,176.3605109,179.3605109
Gordon-Noah-Eli_01_Introduction_Emergency-Series_KWH-UPenn_11-16-06.mp3,107.3873452,110.3873452
Andrews-Bruce_05_untitled-interview-response_Segue_Ear-Inn_3-12-88.mp3,364.6906539,367.6906539
Creeley-Robert_08_Michael-Palmers-commentary-on-Clark-Coolidges-A-Note-on-Bop_Walking-the-Dog2_SUNYBuffalo_10-15-90.mp3,287.5331997,290.5331997
Moriarty-Laura_15_Cryptophasia_Segue-DH_NYC_3-17-01.mp3,425.7929334,428.7929334
Tomlinson-Charles_06_Poem_The-Flood_The-Complete-Poems_UK_18-12-1986.mp3,24.38490096,27.38490096
Calasso-R_02_XCP_01-17-13.mp3,410.6974956,413.6974956
Richards-MC_14_Deep-Ecology_Indre-Studios-Philadelphia_5-5-97.mp3,11.44663438,14.44663438
Highfill-Mitch_08_Petrarchs-126th-Song_Granary_NY_3-12-92.mp3,1.461062832,4.461062832
Heijinian-Lyn_from-my-life_KWH_10-12-00.mp3,774.9418774,777.9418774
Moses-Joshua_Cid-Corman-Celebratory-Reading_KWH-UPenn_09-16-2014.mp3,294.7168229,297.7168229
Brown-Laynie_06_Love-Sonnet-To-Light_Chax-Press-Cushing-St-Series_Tuscon-AZ_11-13-07.mp3,44.89591692,47.89591692
Rothenberg-Jerome_24_A-Cruel-Nirvana_Seedings_Rockdrill-7_2004.mp3,43.68505234,46.68505234
Lindsay-Vachel_38_312A_The-Moons-the-North-Winds-Cooky_WC-Greet-Recordings_New-York_1931.mp3,35.01458813,38.01458813
Lally-Michael_03_Going-Home-Again_CA_1994.mp3,868.0583724,871.0583724
16 Ambulatory Windows - Introduction.mp3,17.11274319,20.11274319
Guest-Barbara_01_Passage_PEN-Portraits_WNYC_5-22-77.mp3,22.91767371,25.91767371
Stein-Gertrude_Madame-Recamier-An-Opera.mp3,42.18470955,45.18470955
Ashbery-John-with-Ned-Rorem-and-June-LeBell_setting-poetry-to-music_Part-1_WQXR_4-8-86.mp3,191.2208116,194.2208116
Kyger-Joanne_13_Lord-Jesus-Christ_SF_12-20-76.mp3,8.296197847,11.29619785
Moten-Fred_17_elizabeth-cotton-nahum-chandler_University-of-Kansas_2-24-10.mp3,64.6478618,67.6478618
Tranter-John_04_After-Laforge_UPenn_3-30-05.mp3,93.84823631,96.84823631
Stefans-Brian-Kim_02_The-New_Segue-BPC_02-28-09.mp3,52.69353989,55.69353989
Bernstein-Charles_Barbara-Guest-Tribute_BPC_NY_10-21-06.mp3,459.5912518,462.5912518
XCP_07_Creeley_02_Form-and-content_11-24-03.mp3,69.5474288,72.5474288
Lyons-Kimberly_21_Eucalyptus_Segue-BPC_10-31-09.mp3,27.4998559,30.4998559
Richetti-John_02_Mac-Flecknoe_Dryden_4-8-09.mp3,535.8961953,538.8961953
Lima-Robert_Tracking-the-Minotaur_072_2011.mp3,1.739302197,4.739302197
Waldrop-Rosmarie_02_Deformance-You-84-06_09.mp3,45.4467794,48.4467794
Economou-George_from-Ananios-of-Kleitor_The-Least-Ancient-Greek-Poet_UMich_11-23-2009.mp3,243.72746,246.72746
DiPalma-Ray_06_The-House_KWH-UPenn_4-2-12.mp3,8.959998796,11.9599988
Radfar-India_Complete-Reading_Tender-Buttons-Press_UPenn_10-21-03.mp3,559.4554455,562.4554455
McCaffery-Steve_05_The_2-7-79.mp3,17.73961996,20.73961996
Fieled-Adam_Apparition-Poems_2010.mp3,163.5975078,166.5975078
Blackburn-Paul_18_Chase-Death_Bard-College_12-6-1968.mp3,75.48620455,78.48620455
Creeley-Robert_10_Anya_Maine_6-11-00.mp3,29.03913608,32.03913608
Cole-Peter_16_Speechs-Hedge_Studio-111_UPenn_1-23-12.mp3,16.30663542,19.30663542
Oppen-George_Armand-Schwerner-intro-Of-Being-Num_1967_NYC_92d-St-Y.mp3,185.809311,188.809311
Stein-Gertrude_Laynor-Gregory_200_The-Making-of-Americans.mp3,152.9880524,155.9880524
Duncan-Robert_Complete-Recording_Lecutre-On-Whitman_New-College_6-9-81.mp3,1329.808784,1332.808784
MLA-Offsite-2011_64_interlude_ArtShare_LA_1-8-11.mp3,1.91690671,4.91690671
Equi-Elaine_19_A-Story-Begins_Dia-NYC_5-24-12.mp3,44.16575211,47.16575211
Friedman-Michael_27_Star_LHRS_Boulder_11-18-98.mp3,31.20583762,34.20583762
Marchetti-Lionel_tentative_devasion_3.mp3,30.89836016,33.89836016
Brian-Teare_09_Before-it-travels-from-premise-to-conclusion_DuPlessis-Day_Temple-University_10-21-11.mp3,132.8690643,135.8690643
Tomlinson-Charles_20_Poetry-and-the-Modern-Novel_Octavio-Paz-Talks-to-Charles-Tomlinson_Cambridge_5-1989.mp3,20.74662024,23.74662024
Goldsmith-Morris-Rosenfeld_01_introduction_Surrealist-Afternoon_PMA_1-26-14.mp3,173.6399053,176.6399053
Creeley-Robert_02_introduction-to-RC_Attitudes-Towards-the-Flame_Territory-of-Art_MOCA_LA_83.mp3,60.01804772,63.01804772
Willis-Elizabeth_08_Verses-Omitted_Close-Listening_reading_3-17-08.mp3,5.021064484,8.021064484
Wieners-John_06_Time_92nd-St-Y_NYC_10-24-66.mp3,37.64620793,40.64620793
King-Amy_05_A-Bruise-That-Stains_Petes-Big-Poetry-Series_Petes-Candy-Store_9-12-08.mp3,30.225623,33.225623
Dunaway-Judy_Richard.mp3,5.573394837,8.573394837
Jarnot-Lisa_11_O-Life-Force_Burning-Deck-40th-Anniversary_Volume-III_Providence_05-2001.mp3,5.815650305,8.815650305
DiPalma-Ray_16_March-Not-April_Instrumentaria_Studio-111_UPenn_4-3-12.mp3,54.89997677,57.89997677
Richetti-John_18_The-Forerunners_Studio-111_UPenn_3-9-12.mp3,59.98868527,62.98868527
Retallack-Joan_13_experimental-writing-as-pedagogy_Alt-Poetries-Alt-Pedagogies_KWH_2-28-01.mp3,144.845148,147.845148
Creeley-Robert_16_Unknown-short-story_Goddard_VT_5-18-73.mp3,169.0964251,172.0964251
Dreyer-Lynne_01_August-13-1977_Segue-Series_Ear-Inn_NYC_3-31-79.mp3,115.02718,118.02718
Kim-Anyssa_07_Pop_UPenn_11-11-03.mp3,43.88930605,46.88930605
Denby-Edwin_37_Is-Her-Matter_1983.mp3,65.37343037,68.37343037
Wagner-Catherine_09_what-happens-when-you-write-in-a-crowd-and-how-people-interact_XCP-102_2-26-06.mp3,104.4918376,107.4918376
Zukofsky-Louis_13_Further-Than_SFSU_7-58.mp3,91.85519877,94.85519877
Ratcliffe-Stephen_06_Remarks-on-Color-Sound_Marin-Headlands-Center-for-the-Arts_5-16-10.mp3,3312.679038,3315.679038
XCP_124_Danto_01-21-07.mp3,514.25779,517.25779
Fagin-Larry_Complete-Recording_Bolinas_3-6-74.mp3,717.5574098,720.5574098
bernstein-charles_01_kennethsherwood-introduction_offpage_20060411.mp3,157.2372956,160.2372956
Dorn-Ed_Pt-1_11_Hotel-Hartley_Milwaukee_11-17-84.mp3,109.9018247,112.9018247
Dorn-Ed_Pt-1_04_Piece-of-Advice_Milwaukee_11-17-84.mp3,22.1098222,25.1098222
Devaney-Tom_4_How-do-you-say_Segue_DH_3-18-00.mp3,24.90909964,27.90909964
Robinson-Kit_Unidentified-Snippet_Ear-Inn_NY_1982.mp3,159.1123743,162.1123743
Moxley-Jennifer_04_Studio-Life_Ear-Inn_2-11-95.mp3,28.54547523,31.54547523
Timpane-John_full-readng_UPenn_10-9-01.mp3,1091.412852,1094.412852
Rakosi-Carl_Reading-and-Interview_KPFA_05-13-71.mp3,511.5074943,514.5074943
Duncan-Robert_Often-I-am-Permitted_SF-State_6-18-59.mp3,52.53906453,55.53906453
Szymaszek-Stacy_17_Queering-Language_Philly_2007.mp3,69.34800553,72.34800553
Robinson-Kit_Complete-Reading_POG-Drawing-Studio_10-24-09.mp3,1644.991499,1647.991499
Davies-Alan_Language-Mind-Writing-Part2_New-Langton-Arts_date-unknown.mp3,392.0586995,395.0586995
Cole-Peter_03_epigraph-from-The-Dream-of-the-Poem_KWH-Reading_UPenn_10-08-07.mp3,19.10241248,22.10241248
Williams-WC_The-Sea-Elephant_Clip-04.mp3,2.573294956,5.573294956
Ginsberg-Allen_02_Message-From-Paris_SFSU_02-27-59.mp3,30.35536065,33.35536065
Ashbery-John_03_Popular-Songs_Harvard_11-10-87.mp3,24.65142362,27.65142362
Lindsay-Vachel_29_308B_The-Congo-part-II_WC-Greet-Recordings_New-York_1931.mp3,97.42901361,100.4290136
Andrews-Bruce_Complete-Reading_Segue-Series-at-Ear-Inn_New-York_10-15-83.mp3,1853.41287,1856.41287
Finkelstein-Norman_Shapiro-Harvey_8_Success-and-Jewishness-in-Reznikoff_Discussion-on-Objectivists_KWH_9-30-05.mp3,88.32181514,91.32181514
Richetti-John_06_The-World_Studio-111_UPenn_3-9-12.mp3,62.24367058,65.24367058
Greenwald-Ted_14_U-Nevr-Askd_WPS1_NY_6-20-05.mp3,38.99435534,41.99435534
Blaser-Robin_03_As-If-By-Chance_Writers-Institute-Reading_Albany_10-26-94.mp3,36.77786519,39.77786519
Piombino-Nick_Perhaps-the-Dream-of-Writing_wkcr_2002.mp3,276.2925066,279.2925066
Blonk-Jaap_FluxDeBouche_16-brullt.mp3,458.5128939,461.5128939
MLA-Offsite-Reading_44_Trigilio-Tony_They-Sound-Bells_Chicago_12-28-07.mp3,22.72931843,25.72931843
Willis-Elizabeth_11_On-Dangerous-Ground_UB_4-9-03.mp3,38.55480016,41.55480016
Bronk-William_08_Nature-of-Musical-Form_10-13-78.mp3,17.53402522,20.53402522
Ginsberg_Creeley_Orlovsky_Sakaki_14_Excerpt-From-Dont-Grow-Old_Concerned-Citizens-Of_Cerritos_U-New-Mexico_Albuquerque_3-6-79.mp3,91.93923517,94.93923517
Avasilichioaei-Oana_01_Ogres-Linguistic-Rights_Stitching-Perdu_14-09-2012.mp3,80.50295812,83.50295812
Williams-Jonathan_02_A-New-Nunc-Dimittis_Get-Hot-or-Get-Out_1984.mp3,0.225747718,3.225747718
Richetti-John_22_Sonnet-35_Studio-111-Session_UPenn_01-25-11.mp3,19.3363129,22.3363129
Perelman-Bob_11_IFLIFE_IFLIFE-opening-party_UPenn_01-09-06.mp3,57.43616442,60.43616442
Hejinian-Lyn_A-woman-is-expressing-sympathy...-from-The-Book-of-a-Thousand-Eyes_11_UPenn_2-21-05.mp3,40.68224899,43.68224899
Bergvall-Caroline_02_the-problematics-of-text-and-performance_XCP_6-10-07.mp3,111.4909995,114.4909995
Alexander-Charles_33_NRA-32_Near-or-Random_Acts_Tucson-AZ_8-27-12.mp3,7.613076857,10.61307686
Matuk_Farid-This-Isa-Complete_Dallas_2011.mp3,35.37484045,38.37484045
bpNichol_12_White-Txt-Sure_1978.mp3,177.0678771,180.0678771
Reznikoff-Charles_06_Russia_09-06-1975.mp3,83.26069599,86.26069599
Fourcade-Dominique_Readiing_Close-Listening_3-24-09.mp3,1566.14773,1569.14773
Bryant-Tisa_1_Intro-to-Playing-House_English-Dept_UHM_2000.mp3,30.37630156,33.37630156
Armantrout-Rae_06_Reversible_Segue_NY_5-26-07.mp3,19.5164532,22.5164532
Oppen-George_21_The-Occurrences_SFSU_1963-77.mp3,51.37006202,54.37006202
Djuric-Dubravka_08_Muza_NYC_4-29-09.mp3,49.35331499,52.35331499
Moten-Fred_09_the-work-of-blackness-as-inseperable-from-the-violence-of-blackness_Theorizing-Lecture_KWH_02-27-07.mp3,221.1968996,224.1968996
Wright-CD_Deepstep-Come-Shining_Copper-Canyon-Session_Port-Townsend-WA_7-16-99.mp3,3316.245092,3319.245092
Andrews-Bruce_08_Time-Expansion_CWS_Mills-College_1-31-06.mp3,99.68900571,102.6890057
Kraus_Intro-Bryant_1-13-09.mp3,99.88023068,102.8802307
Bishop-Elizabeth_20_on-Emily-Dickinson_Howe-Pacifica_4-19-77_with-Ruas.mp3,32.71988562,35.71988562
Wright-Tim_Reading_Outcrop_North-Fitzory-Arms-Hotel_Melbourne_9-20-13.mp3,202.5738287,205.5738287
Stewart-Amanda_absence-edit_Studio-256-ABC_Sydney_3-97.mp3,261.5256357,264.5256357
Godfrey-John_Complete-Reading_Segue_Ear-Inn_6-10-89.mp3,1045.933331,1048.933331
Stein-Gertrude_Laynor-Gregory_771_The-Making-of-Americans.mp3,33.22867848,36.22867848
Howe-Susan_06_Pythagorean-commentary_Radio-Reading-Project_1998.mp3,11.01339032,14.01339032
Sigler-Jeremy_BPC-Segue_2-10-07.mp3,1283.461917,1286.461917
Williams-WC_15_Ol-Bunks-comment_92nd-St-Y_01-27-54.mp3,22.23272719,25.23272719
Disconnected_25_Peter-Orlovsky_All-Around-the-Garden_GPS_1974.mp3,114.2266279,117.2266279
Tomlinson-Charles_31_The-Sisters_The-Vineyard-Above-the-Sea_The-Complete-Poems_UK_29-8-2001.mp3,20.55682351,23.55682351
Piombino-Nick_04_Sticky-Dairyman_4-24-05.mp3,29.58328363,32.58328363
Rosenwasser-Rena_04_Elevators-Elevators_08-11-11.mp3,131.9197291,134.9197291
XCP_111_Marcus_08-13-06.mp3,502.3685597,505.3685597
Zukofsky-Louis_80-Flowers_John-Hopkins_12-13-78.mp3,2760.489135,2763.489135
Reznikoff-Charles_08__Scrap-of-paper__SFState_03-21-74.mp3.mp3,1.469244077,4.469244077
Fitterman-Rob_06_The-Yale-Review_Poetry-Project_St-Marks_2010.mp3,0.324765543,3.324765543
Barwin-Gary_04_Feet_KWH-UPenn_11-17-10.mp3,33.08154212,36.08154212
Philip-Marlene-Nourbese_10_Zong-10_BPC-Segue_2-17-07.mp3,11.64042523,14.64042523
Drucker-Johanna_07_History-Of-The-My-World_Close-Listening_KWH-UPenn_3-14-11.mp3,7.362361822,10.36236182
Shurin-Aaron_Complete-Reading_Segue-Series_Ear-Inn_4-28-84.mp3,518.4565157,521.4565157
Lindsay-Vachel_31_309B_Kansas-2_WC-Greet-Recordings_New-York_1931.mp3,22.97718094,25.97718094
Wagner-Catherine_05_Complete-reading_POG-series_Dinnerware-Gallery-Tuscon-AZ_10-14-06.mp3,135.2278088,138.2278088
Stein-Gertrude_Laynor-Gregory_156_The-Making-of-Americans.mp3,0.830429527,3.830429527
Lazer-Hank_03_Complete-Reading_Double-Happiness_3-3-01.mp3,622.9258078,625.9258078
Schwartz-Leonard_08_The-Sleeptalkers_KWH-UPenn_09-23-2010.mp3,78.74929532,81.74929532
Armantrout-Rae_29_Dark-Matter_Segue_NY_5-26-07.mp3,11.02890769,14.02890769
Gregory_Whitehead-Principia_Schizophonica_1990.mp3,383.9052476,386.9052476
DuPlessis-Blau-Rachel_12_Draft-53_Eclogue_UA_New-Zealand_3-27-2012.mp3,21.55834578,24.55834578
Dlugos-Tim_04_A-Day-For-Don-And-Vladimir_10-21-78.mp3,16.90022776,19.90022776
Bernstein-Charles_Claire-in-the-Bldg_PMC_1994.mp3,123.1640475,126.1640475
Williams-WC_Interviews-with-Stanley-Koehler_03-62.mp3,1063.5728,1066.5728
Jaworski-Birdie_3-Pattern-Dog_miPOradio.mp3,31.45687966,34.45687966
The-Subject_07_Introjection-Tango.mp3,66.84167412,69.84167412
Elkins-Patrick_19_Summer-Metal_Textsound_Issue-10_September-2010.mp3,59.39848566,62.39848566
Anderson-Lee_006_John-Crowe-Ransom_WUSTL_06-26-64.mp3,39.15021302,42.15021302
Thomas-Lorenzo_14_The-Guards-on-Privilege_Buffalo_11-13-91.mp3,106.1781152,109.1781152
Mac-Cormack-Karen_12_Sentinel_Segue-NY_Ear-Inn_5-11-90.mp3,98.61047853,101.6104785
XCP_22_Donahue_07_Targets-Mongolia_2-23-04.mp3,259.1827684,262.1827684
Davidson-Michael_12_Translation_Loyola_LA_4_23_98.mp3,6.776596261,9.776596261
Vicuna-Cecilia_Complete-Reading_Segue-BPC_03-28-09.mp3,256.3389337,259.3389337
Harwood-Lee_03_Question-of-Geography_Rockdrill-3_2004.mp3,49.35484269,52.35484269
Dinh-Linh_15_Exits_Studio-111-Session_UPenn_12-12-07.mp3,54.78834822,57.78834822
Gonzales-Odi_06_Matrimonio-de-don-Martin-de-Loyola-con-dona-Beatriz-Nusta_Reading-Selected-Poems_10-2011.mp3,105.3442758,108.3442758
Watten-Barrett_13_X_The-Grand-Piano_SF_2-20-79.mp3,205.2575617,208.2575617
Schafer-David_The-Intruder-De-Indringer-Part-1_2004.mp3,9.257252039,12.25725204
Piombino-Nick_Complete-Reading_Segue_Ear-Inn_2-2-91.mp3,1210.616064,1213.616064
Murphy-Michelle_segue_New-York_01-29-00.mp3,48.22454218,51.22454218
Simultaneous-Translation_01-47-52.mp3,206.7905354,209.7905354
Smith-Rod_03_Identity-Is-The-Cause_fear-the-sky_2005.mp3,42.41672033,45.41672033
Reznikoff-Charles_04__Building-Boom__SFState_03-21-74.mp3.mp3,18.82329061,21.82329061
Tomlinson-Charles_16_Eliot-Contrasted-with-Pound_Octavio-Paz-Talks-to-Charles-Tomlinson_Cambridge_5-1989.mp3,12.50095994,15.50095994
Richetti-John_12_Goldsmith-Oliver_The-Deserted-Village-111_11-11-09.mp3,388.038215,391.038215
Andrews-Bruce_12_October-Surprise_WRVU_26-04-08.mp3,139.9239818,142.9239818
Armantrout-Rae_10_Compound-II_Segue-Series_Ear_4-7-84.mp3,10.5420558,13.5420558
Creeley-Robert_53_Catbird-Singing_SFSU_5-20-56.mp3,30.95932582,33.95932582
Tranter-John_Tranter-Discusses-Jacket-Magazine_XCP.mp3,81.17240168,84.17240168
Sanders-Ed_01_Writers-Institute-Reading_Albany_5-1-97.mp3,1096.733115,1099.733115
Edmondez-Gwilly_Track-10_Abstract-Exhibitionism-Vol-Two_2002.mp3,64.44878877,67.44878877
Palmer-Michael_07_X-Self-by-Edward-Kamau-Brathwaite-and-Caribbean-anti-colonial-thought_UB_11-8-90.mp3,84.84037589,87.84037589
Djanikian-Greg_19_Brief-history-of-border-crossings_UPenn_2-20-07.mp3,139.1088923,142.1088923
De-Argulo-Jaime_Complete-Recording_Indian-Tales_Location-Unknown_Date-Unknown.mp3,514.7360975,517.7360975
Greenwald-Ted_15_Whiff_WPS1_NY_6-20-05.mp3,95.0852785,98.0852785
Tomlinson-Charles_55_Reading-Fyodor-Tyutchev-Night-Wind_Charles-Tomlinson-Reads-Machado-and-Tyutchev_UK_9-26-93.mp3,45.36881187,48.36881187
Richetti-John_Percy-Bysshe-Shelley_01_To-Wordsworth_UPenn_1-27-14.mp3,13.25310464,16.25310464
Gassilewski-Jorgen_12_Test-Run-And-Refreshments-Are-Offered_Close-Listening_KWH-UPenn_10-06-10.mp3,3.888466923,6.888466923
Compton-Shanna_Segue_NY_10-14-06.mp3,1370.564227,1373.564227
Creeley-Robert_05_The-Crisis_Chicago_5-15-61.mp3,20.47576404,23.47576404
People-Like-Us_25-Mr-Rotorvator_Barry-Bonker.mp3,27.03546383,30.03546383
Olson-Charles_07_I-am-the-Gold-Machine_Beloit-College.mp3,38.08028527,41.08028527
CCP_246_Horej.mp3,461.5983101,464.5983101
Greenstreet-Kate_20_What-I-wanted_Chax-Press_AZ-11-4-09.mp3,27.01539321,30.01539321
Stein-Gertrude_Laynor-Gregory_447_The-Making-of-Americans.mp3,108.0048785,111.0048785
Perelman-Bob_Confession_UPenn_1-26-99.mp3,130.3211242,133.3211242
Williams-WC_08_Just-to-Say_prod-Emerson_08-50.mp3,11.41705645,14.41705645
Rivera-Lucas-M_11_The-Book-of-the Cry_Textsound-Issue-18_Some-Poets-of-the-Bay-Area.mp3,264.7401856,267.7401856
Robinson-Kit_01_Counter-meditation_Ear-Inn_New-York_05-23-1993.mp3,7.223300356,10.22330036
Gandlevsky-Sergei_Interview_WPS1_UPenn_3-21-07.mp3,1433.19588,1436.19588
Zorn-Jonathan_Talkting-Typing---live.mp3,25.28047639,28.28047639
Torres-Edwin_Open-Season-01_PoetryPolitics_State-of-the-Union-2008.mp3,105.6335884,108.6335884
Bernstein_Spahr_01_Introduction_SUNY-Buffalo_11-9-94.mp3,45.82867926,48.82867926
Bernstein-Charles_05_Influence-of-Kinship_Naropa_7-11-1991.mp3,255.1748919,258.1748919
Home-Stewart_Comes_22-PunkRockDrunk.mp3,78.41249184,81.41249184
Dorn-Ed_Pt-2_18_Tyranny-of-Food_Milwaukee_11-17-84.mp3,25.74509609,28.74509609
Hocquard-Emmanuel_02_Afterword-Theory-of-Tables_UCSC_4-13-00.mp3,20.09541375,23.09541375
Russo-Linda_02_Reading_POG-Chax-Club-Congress_Tucson-AZ_4-03-10.mp3,1405.929001,1408.929001
CAConrad_02_In-The-Black-Forest_Studio-111-Session_UPenn_10-03-07.mp3,1.687254158,4.687254158
Ginsberg-Allen_02_The-Shepherd_New-York_12-15-69.mp3,38.76857478,41.76857478
Burt-Stephen_On-Experiment-Rutgers_04-10-14.mp3,1263.703183,1266.703183
Ratcliffe-Stephen_12_disucssing-RAIN-RAINING-RAIN-RAINING-RAIN-RAIN_Conversation-with-Grenier_Bolinas_1-25-11.mp3,970.343047,973.343047
DuPlessis-Blau-Rachel_09_Draft-74_Wanderer_UA_New-Zealand_3-16-2012.mp3,49.80271964,52.80271964
Armantrout-Rae_12_Postcards_1-16-83.mp3,2.305027358,5.305027358
Ashbery-John_07_The-Songs-We-Know-Best_Harvard_11-10-87.mp3,47.86765292,50.86765292
Kramer-Aaron_19_My-Little-Son_Serenade-Poets-of-New-York_Folkways-Records_1959.mp3,104.0202832,107.0202832
DuPlessis-Rachel-Blau_03_From-Other-How_Woodland-Pattern_3-27-88.mp3,173.150537,176.150537
Greenwald-Ted_10_Out-of-Town_WPS1_NY_6-20-05.mp3,77.38976376,80.38976376
Ratcliffe-Stephen_04_the-relation-between-words-and-what-they-call-into-being_Conversation-with-Grenier_Bolinas_1-2-11.mp3,241.9088926,244.9088926
Lowenfels-Walter_11_Sonnet-to-Lillian-Lowenfels-6_Sonnets-Love-Liberty_others_date-location-unknown.mp3,24.8090056,27.8090056
Coleman-Victor_45_Four-of-Swords_America_1980.mp3,38.60978558,41.60978558
Stein-Gertrude_Laynor-Gregory_390_The-Making-of-Americans.mp3,104.1400083,107.1400083
Robinson-Elizabeth_03_Its-Companopn_House-Made-of-Silver_4-15-08.mp3,29.39588249,32.39588249
Mayer-Bernadette_14_Hail-And-Farewell_KWH-UPenn_10-21-2014.mp3,3.498537018,6.498537018
Sound-Owen_Complete-Recording_Various-Throats-Vol-I-Side-A_Underwhich-Audiographic_London_2-1981.mp3,383.4389379,386.4389379
Catanzano-Amy_LHRS_Boulder_4-19-01.mp3,367.7737522,370.7737522
XCP_186_Tardos_3-8-09.mp3,356.7523451,359.7523451
Hollo-Anselm_01_from-Rue-Wilson-Monday_LHRS_Boulder_9-16-99.mp3,18.64074914,21.64074914
Lima-Robert_Tracking-the-Minotaur_020_2011.mp3,1.267382476,4.267382476
Bergvall_Caroline_03_from-Via_Double-Happiness_New-York_11-18-00.mp3,3.839982392,6.839982392
Stein-Gertrude_Laynor-Gregory_755_The-Making-of-Americans.mp3,70.47556884,73.47556884
Ashbery-John_Auroras-of-Autumn_Part-17_Poets-Corner-Vespers_NYC_10-22-89.mp3,13.82650375,16.82650375
Walker-Ryan_22_Complete-Reading_AWP-Off-Site_2-5-11.mp3,147.9246668,150.9246668
